ido_word,esperanto_word,in_current_dict,in_wiktionary
Abstrakt algebro,Abstrakta algebro,False,no
Abstrakt expresionismo,Abstrakta ekspresionismo,False,no
Acida kremo,Acidkremo,False,no
Acida pluvo,Acida pluvo,False,no
Acidento trafikala,Trafikakcidento,False,no
Aerobikala gimnastiko,Aerobiko,False,no
Afrikansa linguo,Afrikanso,False,no
Agadir,Agadir,False,no
Agamemnon,Agamemno,False,no
Agrokultivala revoluciono,Neolitika revolucio,False,no
Ahenaton,Aĥnaton,False,no
Aison,Esono,False,no
Akademiala termino,Semestro,False,no
Aktayon,Akteono,False,no
Alagir,Alagir,False,no
Albaniana linguo,Albana lingvo,False,no
Alexin,Aleksin,False,no
Alfabetal ordineso,Alfabeta ordo,False,no
Algebral elemento,Algebra elemento,False,no
Algebral equaciono,Algebra ekvacio,False,no
Algebrala nombro,Algebra nombro,False,no
Algebrala strukturo,Algebra strukturo,False,no
Algebrala topologio,Algebra topologio,False,no
Alkaliatra metalo,Alkala metalo,False,no
Alkoholoza drinkaji,Alkoholaĵo,False,no
Almaluez,Almaluez,False,no
Alta teknologio,Alta teknologio,False,no
Altaika linguaro,Altaja lingvaro,False,no
Alzaciana linguo,Alzaca lingvo,False,no
Amas extingo,Amasa formorto,False,no
Amatora radio,Amatora radio,False,no
Amatoral astronomio,Amatora astronomio,False,no
Ambientala cienco,Mediscienco,False,no
Amfiktion,Amfiktiono,False,no
Amfitrion,Amfitriono,False,no
Amniotala ovo,Ovo,False,no
Anadir,Anadir,False,no
Anakreon,Anakreonto,False,no
Analitikala geometrio,Analitika geometrio,False,no
Analizala filozofio,Analiza filozofio,False,no
Angla linguo,Angla lingvo,False,no
Anglosaxona linguo,Anglosaksa lingvo,False,no
Animo komputerala,Komputilanimacio,False,no
Apertita fonto,Malferma kodo,False,no
Apertita kontenajo,Malfermita enhavo,False,no
Aplikata cienci,Aplikataj sciencoj,False,no
Aplikata matematiko,Aplika matematiko,False,no
Apollon,Apolono,False,no
Aquo subterala,Grundakvo,False,no
Araba alfabeto,Araba alfabeto,False,no
Araba maro,Araba Maro,False,no
Araba mondo,Araba mondo,False,no
Arabiana linguo,Araba lingvo,False,no
Aragon,Aragono,False,no
Aragonana linguo,Aragona lingvo,False,no
Arboral animalo,Surarba moviĝemo,False,no
Argolika gulfo,Argolanda Golfo,False,no
Arida klimato,Arida klimato,False,no
Arieto hidraulikala,Premfrapo,False,no
Aritmetikala progresiono,Aritmetika vico,False,no
Armeniana gentocido,Armena genocido,False,no
Armeniana linguo,Armena lingvo,False,no
Armizita rebelo,Vakera filmo,False,no
Arpitana linguo,Arpitana lingvo,False,no
Artala lingui,Arta lingvo,False,no
Artala movado,Arta movado,False,no
Artala sketado,Arta sketado,False,no
Artifical inteligenteso,Artefarita intelekto,False,no
Artificala satelito,Artefarita satelito,False,no
Arturala legendi,Artura legendo,False,no
Arumaniana linguo,Arumana lingvo,False,no
Askorbata acido,Askorbata acido,False,no
Astronomiala unajo,Astronomia unuo,False,no
Asturiana linguo,Astura lingvo,False,no
Asuncion,Asunciono,False,no
Atmosferala polutajo,Aera poluado,False,no
Atomala nombro,Atomnumero,False,no
Augmentita realeso,Pliigita realo,False,no
Australiana dolaro,Aŭstralia dolaro,False,no
Austroneziana linguaro,Aŭstronezia lingvaro,False,no
Avestana linguo,Avesta lingvo,False,no
Avionala transportonavo,Aviadila ŝipo,False,no
Azerbaijanana linguo,Azerbajĝana lingvo,False,no
Bahrain,Barejno,False,no
Balaton,Balatono,False,no
Baleno blua,Blua baleno,False,no
Baltika lingui,Balta lingvaro,False,no
Baskiana linguo,Eŭska lingvo,False,no
Baskiana nacionalismo,Eŭska naciismo,False,no
Bellerofon,Belerofono,False,no
Benin,Benino,False,no
Berberiana lingui,Berbera lingvaro,False,no
Bibliotheca historica,Historia biblioteko,False,no
Bica signato,Cifereca subskribo,False,no
Bielorusa linguo,Belorusa lingvo,False,no
Binara nombrosistemo,Duuma nombrosistemo,False,no
Binomiala koeficiento,Binoma koeficiento,False,no
Biologiala interakto,Biologia interagado,False,no
Biomedicinal injeniorarto,Biomedicina inĝenierio,False,no
Bisextila yaro,Superjaro,False,no
Bitcoin,Bitmono,False,no
Blanka magio,Blanka magio,False,no
Blanka maro,Blanka maro,False,no
Blanka movado,Blanka movado,False,no
Blanka populo,Blankulo,False,no
Blua jeo,Blua garolo,False,no
Bogor,Bogor,False,no
Booleana algebro,Bulea algebro,False,no
Boreala foresto,Tajgo,False,no
Bosniana linguo,Bosna lingvo,False,no
Boston,Bostono,False,no
Bretoniana linguo,Bretona lingvo,False,no
Britaniana pundo,Brita pundo,False,no
Browniana movemento,Brown-a movado,False,no
Bruna linco,Rufa linko,False,no
Bulgara linguo,Bulgara lingvo,False,no
Burgundiana linguo,Burgunda lingvo,False,no
Carcharodon carcharias,Blanka ŝarko,False,no
Celulala biologio,Ĉelbiologio,False,no
Celulala teorio,Ĉelteorio,False,no
Central angulo,Centra angulo,False,no
Centrala banko,Centra banko,False,no
Centrala potenti,Centraj Potencoj,False,no
Centyara milito,Centjara milito,False,no
Cetonio orea,Ora cetonio,False,no
Chadana lingui,Ĉada Grupo,False,no
Chador,Ĉadoro,False,no
Changwon,Ĉangvon,False,no
Chefa plumo,Ĉefplumo,False,no
Cheka linguo,Ĉeĥa lingvo,False,no
Chiliana peso,Ĉilia peso,False,no
Chiniala kalendario,Ĉina kalendaro,False,no
Chiniana linguo,Ĉina lingvaro,False,no
Cielala mekaniko,Ĉiela mekaniko,False,no
Cielala sfero,Ĉielosfero,False,no
Ciencal explorado,Scienca esplorado,False,no
Ciencal fiktiveso,Sciencfikcio,False,no
Ciencala komunitato,Scienca komunumo,False,no
Ciencala metodo,Scienca metodo,False,no
Ciencala revuo,Scienca gazeto,False,no
Cinetik energio,Kineta energio,False,no
Civila yurocienco,Civila juro,False,no
Civitano cienco,Civitana scienco,False,no
Conquistador,Konkistadoro,False,no
Conuropsis carolinensis,Karolina konuro,False,no
Daejon,Deĝon,False,no
Daniana linguo,Dana lingvo,False,no
Deala probego,Dia juĝo,False,no
Decimala nombrosistemo,Dekuma nombrosistemo,False,no
Defenso personala,Persona defendo,False,no
Demografiala kontado,Popolnombrado,False,no
Derivata serio,Kromverko,False,no
Desegnita rakonto,Bildliteraturo,False,no
Deslibera programaro,Mallibera programaro,False,no
Devanagari alfabeto,Nagario,False,no
Devon,Devono,False,no
Diferencial equaciono,Diferenciala ekvacio,False,no
Diferenciala geometrio,Diferenciala geometrio,False,no
Digestiva sistemo,Digesta sistemo,False,no
Dijitala elektroniko,Cifereca elektroniko,False,no
Diofantan equaciono,Diofanta ekvacio,False,no
Distinta spaco,Diskreta spaco,False,no
Distributita komputado,Disa komputado,False,no
Dokumentala filmo,Dokumenta filmo,False,no
Dopado biokemiala,Dopado,False,no
Dravidana linguaro,Dravida lingvaro,False,no
Dublin,Dublino,False,no
Duesma mondomilito,Dua Mondmilito,False,no
Duopla stelo,Duopa stelo,False,no
Egea maro,Egea maro,False,no
Egipta mitologio,Egipta Mitologio,False,no
Egiptiana hieroglifi,Egiptaj hieroglifoj,False,no
Egiptiana kalendario,Egipta kalendaro,False,no
Ekleziala muziko,Eklezia muziko,False,no
Elektra charjo,Elektra ŝargo,False,no
Elektra feldo,Elektra kampo,False,no
Elektra konduktivo,Elektra konduktivo,False,no
Elektra korento,Elektra kurento,False,no
Elektral energio,Elektra energio,False,no
Elektrala mashino,Elektromotoro,False,no
Elektrala rezistiveso,Elektra rezistanco,False,no
Elektrala telegrafilo,Elektra telegrafo,False,no
Elektromagnetala feldo,Elektromagneta kampo,False,no
Elektromagnetik interago,Elektromagneta forto,False,no
Elektronala lektilo,Elektronika librolegilo,False,no
Elektronala libro,Bitlibro,False,no
Elektronala sigareto,Elektronika cigaredo,False,no
Elektronikala cirkuito,Elektronika cirkvito,False,no
Elektronikala komerco,Retkomerco,False,no
Enec linguo,Eneca lingvo,False,no
Ensembli desjuntanta,Disaj aroj,False,no
Ensemblo vakua,Malplena aro,False,no
Epifron,Epifrono,False,no
Equador,Ekvadoro,False,no
Equatorala klimato,Ekvatora klimato,False,no
Equitatoza komerco,Justa komerco,False,no
Escherichia coli,Kojlobacilo,False,no
Esencatra oleo,Vegetaĵa esenco,False,no
Estoniana linguo,Estona lingvo,False,no
Etnala konflikto,Etna konflikto,False,no
Euklidana disto,Eŭklida distanco,False,no
Euklidana geometrio,Eŭklida geometrio,False,no
Euklidana spaco,Eŭklida spaco,False,no
Euraziana stepo,Eŭrazia Stepo,False,no
Europana nacionalismo,Eŭropa naciismo,False,no
Euskara batua,Euskara batua,False,no
Evolucionala psikologio,Evolua psikologio,False,no
Exakta cienci,Ekzaktaj sciencoj,False,no
Exokalorala reakto,Ekzoterma reakcio,False,no
Extraktiva metalurgio,Elprena metalurgio,False,no
Extrema dextro,Dekstra ekstremismo,False,no
Extremadurana linguo,Ekstremadura lingvovario,False,no
Faerana linguo,Feroa lingvo,False,no
Faeton,Faetono,False,no
Falsa amiko,Falsaj amikoj,False,no
Falva strigo,Arbarstrigo,False,no
Familiara dicajo,Konversacia lingvo,False,no
Feala rakonto,Fabelo,False,no
Femme fatale,Fatala virino,False,no
Fera kurteno,Fera Kurteno,False,no
Fervoyala transportado,Rela transporto,False,no
Fidjiana linguo,Fiĝia lingvo,False,no
Filmo nigra,Nigra filmo,False,no
Financala merkato,Financa merkato,False,no
Financala yaro,Financa jaro,False,no
Finlandana linguo,Finna lingvo,False,no
Fiskal austereso,Severŝparado,False,no
Fizikala lego,Fizika leĝo,False,no
Fizikala quanteso,Fizika grando,False,no
Flava febro,Flava febro,False,no
Foie gras,Grashepataĵo,False,no
Forestala explotado,Arbarekspluatado,False,no
Formala cienci,Formalaj sciencoj,False,no
Formala gramatiko,Formala gramatiko,False,no
Formala linguo,Formala lingvo,False,no
Fortunoza nombro,Feliĉa nombro,False,no
Fosila fuelo,Fosilia brulaĵo,False,no
Fraciono unitara,Ono,False,no
Franca linguo,Franca lingvo,False,no
Frenezioza komedio,Frenezkomedio,False,no
Friulana linguo,Friula lingvo,False,no
Friziana linguo,Frisa lingvaro,False,no
Fronto populala,Popola Fronto,False,no
Funcionanta sistemo,Operaciumo,False,no
Funciono injektiva,Disĵeto,False,no
Fundamental interago,Fundamenta forto,False,no
Gabon,Gabono,False,no
Galaxiala grupo,Galaksiamaso,False,no
Galiana linguo,Gaŭla lingvo,False,no
Galisiana linguo,Galega lingvo,False,no
Gaskoniana linguo,Gaskona lingvo,False,no
Generala kirurgio,Ĝenerala kirurgio,False,no
Genral identeso,Genra identeco,False,no
Geometriala figuro,Geometria figuro,False,no
Geometriala progresiono,Geometria vico,False,no
Germanala lingui,Ĝermana lingvaro,False,no
Germanala populi,Ĝermanoj,False,no
Germaniana linguo,Germana lingvo,False,no
Giganta tukano,Tokoa tukano,False,no
Glia celulo,Glia ĉelo,False,no
Globala koldigo,Tutmonda malvarmiĝo,False,no
Globala varmesko,Tutmonda varmiĝo,False,no
Gotik arkitekturo,Gotika arkitekturo,False,no
Gotika linguo,Gota lingvo,False,no
Grafiko rastrala,Rastruma bildo,False,no
Grafiko vektorala,Vektora bildo,False,no
Granda purigo,Granda purigo,False,no
Gregoriala kalendario,Gregoria kalendaro,False,no
Greka alfabeto,Greka alfabeto,False,no
Greka linguo,Greka lingvo,False,no
Greka mitologio,Helena mitologio,False,no
Greka tragedio,Helena tragedio,False,no
Gruziana linguo,Kartvela lingvo,False,no
Guilin,Gujlin,False,no
Habeas corpus,Habeas corpus,False,no
Hafez,Hafizo,False,no
Hair,Hair,False,no
Halucinigiva drogo,Halucinogeno,False,no
Halucinigiva fungo,Psilocibina fungo,False,no
Hanti linguo,Ĥanta lingvo,False,no
Harbin,Harbino,False,no
Harda disko,Diskaparato,False,no
Hebrea kalendario,Hebrea kalendaro,False,no
Hebrea linguo,Hebrea lingvo,False,no
Hektor,Hektoro,False,no
Heraklion,Iraklio,False,no
Hidroelektrala energio,Hidroelektro,False,no
Hiperbolala geometrio,Hiperbola geometrio,False,no
Hippomedon,Hipomedono,False,no
Hispana mararmeo,Nevenkebla Mararmeo,False,no
Hispaniana literaturo,Hispana literaturo,False,no
Hispanlingua literaturo,Hispanlingva literaturo,False,no
Holodomor,Holodomoro,False,no
Homala cienci,Homa scienco,False,no
Homala korpo,Homa korpo,False,no
Homala raso,Raso,False,no
Homala skeleto,Homa skeleto,False,no
Homala yuri,Homaj rajtoj,False,no
Homo erectus,Homo erectus,False,no
Homo habilis,Homo habilis,False,no
Homo neanderthalensis,Neandertala homo,False,no
Horala zono,Horzono,False,no
Hrisaor,Ĥrisaoro,False,no
Humanoidala roboto,Humanoida roboto,False,no
Hungara linguo,Hungara lingvo,False,no
Ibera linco,Iberia linko,False,no
Idmon,Idmono,False,no
Ido reformita,Ido reformita,False,no
Imaginara nombro,Imaginara nombro,False,no
Imaginara unajo,Imaginara unuo,False,no
Imperativa programifo,Ordonema programado,False,no
Imperita paro,Ordita duopo,False,no
Incheon,Inĉono,False,no
Indijena populi,Indiĝenaj popoloj,False,no
Indoneziana linguo,Indonezia lingvo,False,no
Informala sistemo,Informa sistemo,False,no
Informala teknologio,Informa teknologio,False,no
Informatikala kemio,Komputika kemio,False,no
Informatikala linguistiko,Komputa lingvoscienco,False,no
Ingriana linguo,Iĵora lingvo,False,no
Inklinita plano,Dekliva ebenaĵo,False,no
Integrigita cirkuito,Integra cirkvito,False,no
Intergluteal fendego,Interglutea sulko,False,no
Intermilitala periodo,Intermilita periodo,False,no
Interna medicino,Interna medicino,False,no
Interna milito,Interna milito,False,no
Internacion aqui,Internacia maro,False,no
Internacion organizuro,Internacia organizaĵo,False,no
Internaciona dio,Internacia tago,False,no
Internaciona legaro,Internacia juro,False,no
Internaciona linguo,Mondlingvo,False,no
Internaciona relati,Internaciaj rilatoj,False,no
Interretala forumo,Retforumo,False,no
Interretala protokolo,IP,False,no
Interretala servado,Retservo,False,no
Iranana lingui,Irana lingvaro,False,no
Irlandana linguo,Irlanda lingvo,False,no
Islamala kalendario,Islama kalendaro,False,no
Islandana linguo,Islanda lingvo,False,no
Italiana linguo,Itala lingvo,False,no
Italika lingui,Italika lingvaro,False,no
Ixion,Iksiono,False,no
Januara revolto,Januara Ribelo,False,no
Japoniana linguo,Japana lingvo,False,no
Jason,Jazono,False,no
Jeanneke pis,Jeanneke Pis,False,no
Joseon,Joseon-Dinastio,False,no
Juda filozofio,Juda filozofio,False,no
Judiciala persono,Jura persono,False,no
Judiciala povo,Justica povo,False,no
Juliala kalendario,Julia kalendaro,False,no
Kadavro bonega,Rava kadavro,False,no
Kalendario azteka,Azteka kalendaro,False,no
Kalorala regulado,Termoregulado,False,no
Kalorala transfero,Varmotransdono,False,no
Kaloro kambiilo,Varmointerŝanĝilo,False,no
Kaloro mashino,Termika motoro,False,no
Kanadana linco,Kanada linko,False,no
Kanarezo linguo,Kanara lingvo,False,no
Kanonala yuro,Kanona juro,False,no
Kardinala nombro,Kardinala nombro,False,no
Kardinala punti,Kompasdirektoj,False,no
Kardiovaskulala kirurgio,Korĥirurgio,False,no
Kareliana linguo,Karela lingvo,False,no
Karteziana produto,Kartezia produto,False,no
Kashubana linguo,Kaŝuba lingvo,False,no
Kastiliana linguo,Hispana lingvo,False,no
Kataluniana linguo,Kataluna lingvo,False,no
Kataluniana nacionalismo,Kataluna naciismo,False,no
Katolik eklezio,Katolika Eklezio,False,no
Katolika liturgio,Katolika liturgio,False,no
Katolika teologio,Katolika teologio,False,no
Kelta lingui,Kelta lingvaro,False,no
Kemial armo,Kemia armilo,False,no
Kemial elemento,Kemia elemento,False,no
Kemiala equilibro,Kemia ekvilibro,False,no
Kemiala formulo,Kemia formulo,False,no
Kemiala kompozuro,Kemia kombinaĵo,False,no
Kemiala ligilo,Kemia ligo,False,no
Kemiala reakto,Kemia reakcio,False,no
Kingston,Kingstono,False,no
Kiribatana linguo,Kiribata lingvo,False,no
Kirila alfabeto,Cirila alfabeto,False,no
Klasik antiqueso,Grek-romia antikvo,False,no
Klasika elementi,Klasikaj elementoj,False,no
Klasika mekaniko,Klasika mekaniko,False,no
Klasika studii,Klasikaj studoj,False,no
Klimado sportala,Sporta grimpado,False,no
Koibalana linguo,Koibala dialekto,False,no
Kokleal implantajo,Koklea enplanto,False,no
Kolda guto,Malvarma guto,False,no
Kolda milito,Malvarma milito,False,no
Komercala chambro,Komerca ĉambro,False,no
Komercala milito,Komerca milito,False,no
Komplexa nombro,Kompleksa nombro,False,no
Komplexa plano,Kompleksa ebeno,False,no
Kompozita nombro,Komponita nombro,False,no
Komputeral injeniorarto,Komputada inĝenierarto,False,no
Komputerala grafiko,Komputila grafiko,False,no
Komputerala programifado,Programado,False,no
Komputerala reto,Komputila reto,False,no
Komputerala simulo,Komputilsimulado,False,no
Komuna merkato,Komuna merkato,False,no
Komunikala kanalo,Komunika kanalo,False,no
Komunikala protokolo,Ret-komunika protokolo,False,no
Komunista simbolismo,Komunisma simbolaro,False,no
Konceptal arto,Koncepta arto,False,no
Kondutala genetiko,Konduta genetiko,False,no
Konioforma skripturo,Kojnoskribo,False,no
Konocala cienco,Kognoscienco,False,no
Konstanta funciono,Konstanta funkcio,False,no
Konstanta revelado,Konstanta revelacio,False,no
Konstitucala monarkio,Konstitucia monarkio,False,no
Konstruktita linguo,Konstruita lingvo,False,no
Kontinentala blokuso,Kontinenta Blokado,False,no
Kontinentala kongreso,Kontinenta Kongreso,False,no
Kontinua funciono,Kontinua funkcio,False,no
Kontinuo mekaniko,Kontinuaĵa mekaniko,False,no
Koordinatala sistemo,Koordinatsistemo,False,no
Kordofana lingui,Kordofana lingvaro,False,no
Koreana linguo,Korea lingvo,False,no
Korento alternanta,Alterna kurento,False,no
Koresponda shakoludo,Koresponda ŝako,False,no
Kornwalana linguo,Kornvala lingvo,False,no
Korpo linguistiko,Korpusa lingvistiko,False,no
Kosmala polvo,Kosma polvo,False,no
Kosmala radiaco,Kosma radiado,False,no
Kremlin,Kremlo,False,no
Kreola linguo,Kreola lingvo,False,no
Kristalala strukturo,Kristala strukturo,False,no
Kroata linguo,Kroata lingvo,False,no
Kubana revoluciono,Kuba revolucio,False,no
Kulturala heredo,Kultura heredo,False,no
Kulturala studii,Kulturaj sciencoj,False,no
Kumbriana linguo,Kumbria lingvo,False,no
Kurasizita vehilo,Kirasaŭto,False,no
Kurda linguo,Kurda lingvaro,False,no
Kuroniana linguo,Kurona lingvo,False,no
Kushiana lingui,Kuŝida lingvaro,False,no
Kvena linguo,Kvena lingvo,False,no
Ladina linguo,Ladina lingvo,False,no
Laokoon,Laokoonto,False,no
Laomedon,Laomedono,False,no
Laplasal operacanto,Laplaca operatoro,False,no
Larja linguomodelo,Granda lingvomodelo,False,no
Lasta vesperomanjo,Lasta Vespermanĝo,False,no
Latenta kaloro,Latenta varmo,False,no
Latina linguo,Latina lingvo,False,no
Latinida filologio,Romanistiko,False,no
Latinida linguo,Latinida lingvaro,False,no
Latviana linguo,Latva lingvo,False,no
Lego ciencala,Scienca leĝo,False,no
Leonana linguo,Leona lingvo,False,no
Libera merkato,Libera merkato,False,no
Libera programaro,Libera programaro,False,no
Libiana dezerto,Libia Dezerto,False,no
Limburgana linguo,Limburga lingvo,False,no
Limousin,Limoĝio,False,no
Lineal equaciono,Lineara ekvacio,False,no
Lineala funciono,Lineara funkcio,False,no
Lingua franca,Lingvafrankao,False,no
Lingual aranjeso,Lingvoplanado,False,no
Linguala ideologio,Lingva ideologio,False,no
Linguala yuri,Lingvaj rajtoj,False,no
Linguistiko komparata,Kompara lingvoscienco,False,no
Literaturala jenro,Literatura ĝenro,False,no
Literaturala verko,Literaturaj verkoj,False,no
Lituana linguo,Litova lingvo,False,no
Livoniana linguo,Livona lingvo,False,no
Logikala disjunciono,Logika aŭo,False,no
Logikala nego,Logika neo,False,no
Lokala reto,Loka reto,False,no
Luca dialekto,Luca dialekto,False,no
Luxemburgiana linguo,Luksemburga lingvo,False,no
Luzon,Luzono,False,no
Lyon,Liono,False,no
Magiala quadrato,Magia kvadrato,False,no
Magnetala feldo,Magneta kampo,False,no
Makedoniana linguo,Makedona lingvo,False,no
Malayala linguo,Malajala lingvo,False,no
Maltana linguo,Malta lingvo,False,no
Manjebla salo,Salo,False,no
Manneken pis,Manneken Pis,False,no
Mansi linguo,Mansa lingvo,False,no
Manxana linguo,Manksa lingvo,False,no
Mapuche linguo,Mapuĉa lingvo,False,no
Marala nivelo,Marnivelo,False,no
Matematikala biologio,Matematika biologio,False,no
Matematikala fiziko,Matematika fiziko,False,no
Matematikala konstanto,Matematika konstanto,False,no
Matematikala logiko,Matematika logiko,False,no
Matematikala modelo,Matematika modelo,False,no
Materio obskura,Malluma materio,False,no
Mator linguo,Matora lingvo,False,no
Mazandarana linguo,Mazandarana lingvo,False,no
Medicinala skolo,Medicina fakultato,False,no
Medikala etiko,Medicina etiko,False,no
Medikala signo,Klinika signo,False,no
Mediteranea klimato,Mediteranea klimato,False,no
Mekanikala kalkulilo,Mekanika kalkulilo,False,no
Meklin,Meĥleno,False,no
Memnon,Memnono,False,no
Merkala linguo,Marklingvo,False,no
Meshchera linguo,Meŝĉera lingvo,False,no
Metamorfa roko,Metamorfa rokaĵo,False,no
Metrika spaco,Metrika spaco,False,no
Meza paleolitiko,Meza Paleolitiko,False,no
Mezepokala literaturo,Mezepoka literaturo,False,no
Milital aviacilo,Militaviadilo,False,no
Militala judicio,Militleĝo,False,no
Militala tanko,Tanko,False,no
Minoritata linguo,Minoritata lingvo,False,no
Minoritatala grupo,Malplimulto,False,no
Mitologiala biblioteko,Mitologia biblioteko,False,no
Modala logiko,Modala logiko,False,no
Modern arto,Moderna arto,False,no
Moderna pentatlo,Moderna pentatlono,False,no
Modulal aritmetiko,Modula aritmetiko,False,no
Mongola lingui,Mongola lingvaro,False,no
Mongola linguo,Mongola lingvo,False,no
Montenegrana linguo,Montenegra lingvo,False,no
Mormona bataliono,Mormona Bataliono,False,no
Mormona fundamentalismo,Mormona integrismo,False,no
Mormona kosmologio,Mormona kosmologio,False,no
Mormona pioniri,Mormonaj pioniroj,False,no
Mormona templo,Mormona templo,False,no
Mormona treko,Mormona Vojo,False,no
Muzikal instrumento,Muzika instrumento,False,no
Nacionala biblioteko,Nacia biblioteko,False,no
Nacionala ekonomio,Nacia ekonomio,False,no
Nacionala himno,Nacia himno,False,no
Napolitana linguo,Napola lingvo,False,no
Naturala cienci,Naturscienco,False,no
Naturala gaso,Tergaso,False,no
Naturala linguo,Natura lingvo,False,no
Naturala nombro,Natura nombro,False,no
Naturala persono,Fizika persono,False,no
Naturala satelito,Natura satelito,False,no
Naturala selektado,Natura selektado,False,no
Naturala yuro,Jurnaturalismo,False,no
Nauvoa legiono,Nauvoa Legio,False,no
Nedependanta laboristo,Sendependa kunlaboristo,False,no
Nederlandana linguo,Nederlanda lingvo,False,no
Neeuklidana geometrio,Neeŭklidaj geometrioj,False,no
Neneca linguo,Neneca lingvo,False,no
Neorganika kemio,Neorganika kemio,False,no
Nepali linguo,Nepala lingvo,False,no
Neracionala nombro,Neracionala nombro,False,no
Nestala parazito,Nestoparazitado,False,no
Nevarianta maso,Invarianta maso,False,no
Nganasan linguo,Nganasana lingvo,False,no
Nigra magio,Nigra magio,False,no
Nigra pesto,Nigra morto,False,no
Nitroz oxido,Ridgaso,False,no
Nivelacenso maraquala,Marnivela leviĝo,False,no
Nobla metalo,Nobla metalo,False,no
Nombral axo,Nombra akso,False,no
Norda polo,Norda poluso,False,no
Nordala mitologio,Nord-ĝermana mitologio,False,no
Norvegiana linguo,Norvega lingvo,False,no
Nov latin,Nov Latin,False,no
Nova kristano,Novkristano,False,no
Novembra revolto,Novembra ribelo,False,no
Novodevichy kuvento,Novodeviĉij monaĥejo,False,no
Nubala komputado,Nuba komputado,False,no
Nukleal armo,Nuklea armilo,False,no
Nukleo atomala,Atomkerno,False,no
Nuntempal epoko,Nuntempa epoko,False,no
Nuristana lingui,Nuristana lingvaro,False,no
Nutriva kateno,Manĝoĉeno,False,no
Nutrivala plusajo,Nutraĵa aldonaĵo,False,no
Oceaniana lingui,Oceania lingvaro,False,no
Ocidentala filozofio,Okcidenta filozofio,False,no
Ocitaniana linguo,Okcitana lingvo,False,no
Odin,Odino,False,no
Oktala nombrosistemo,Okuma nombrosistemo,False,no
Operaco binara,Duvalenta operacio,False,no
Optikal arto,Optika arto,False,no
Oranjea revoluciono,Oranĝa Revolucio,False,no
Ordinala nombro,Ordonombro,False,no
Orea aglo,Reĝa aglo,False,no
Orea lanofelo,Ora ŝaffelo,False,no
Oreatra shakalo,Ora ŝakalo,False,no
Oregon,Oregono,False,no
Organika kemio,Organika kemio,False,no
Origina mito,Origina mito,False,no
Ornamentala planto,Ornamplanto,False,no
Orta triangulo,Orta triangulo,False,no
Osetiana linguo,Oseta lingvo,False,no
Palestinana teritorii,Palestiniaj teritorioj,False,no
Palikir,Palikiro,False,no
Pankreatala kancero,Pankreata karcinomo,False,no
Paralela komputado,Paralela komputado,False,no
Parmana fromajo,Parmezano,False,no
Paskala ovo,Paska ovo,False,no
Patro nia,Patro nia,False,no
Pedofilala movado,Pedofilia movado,False,no
Pelagika zono,Pelaga zono,False,no
Peptida ligilo,Peptida ligilo,False,no
Periodala tabelo,Perioda tabelo,False,no
Persiana gulfo,Persa Golfo,False,no
Persiana linguo,Persa lingvo,False,no
Personal uniono,Persona unio,False,no
Personala komputero,Persona komputilo,False,no
Piemontana linguo,Piemonta lingvo,False,no
Pipro nigra,Nigra pipro,False,no
Pitagorala komo,Pitagora komao,False,no
Platon,Platono,False,no
Polala koordinati,Polusa koordinatsistemo,False,no
Polara cirklo,Polusa cirklo,False,no
Poligona nombro,Plurlatera nombro,False,no
Polineziana lingui,Polinezia lingvaro,False,no
Politikala dextro,Politika dekstro,False,no
Politikala korekteso,Politika ĝusteco,False,no
Politikala sinistro,Politika maldekstro,False,no
Politiko linguala,Lingvopolitiko,False,no
Polona linguo,Pola lingvo,False,no
Populi bantuo,Bantuoj,False,no
Populizita loko,Setlejo,False,no
Portebla komputero,Portebla komputilo,False,no
Portugalana linguo,Portugala lingvo,False,no
Poseidon,Posejdono,False,no
Potencial energio,Potenciala energio,False,no
Pozicionala nombrosistemo,Pozicia nombrosistemo,False,no
Pozitiva yuro,Pozitiva juro,False,no
Precoza metalo,Valormetalo,False,no
Predikatala logiko,Predikatkalkulo,False,no
Preso mezuro,Manometro,False,no
Prezidantala republiko,Prezidenta respubliko,False,no
Prima nombro,Primo,False,no
Primara partikulo,Elementa partiklo,False,no
Privata proprieto,Privata posedo,False,no
Privata yurocienco,Privata juro,False,no
Produktanta gramatiko,Genera gramatiko,False,no
Produktanta linguistiko,Generativa lingvistiko,False,no
Profunda lernado,Deep learning,False,no
Projektiva geometrio,Projekcia geometrio,False,no
Propozicionala logiko,Asertologiko,False,no
Protestanta reformo,Reformacio,False,no
Provencala linguo,Provenca lingvo,False,no
Publik administrado,Publika administrado,False,no
Publika domeno,Publika havaĵo,False,no
Publika extensajo,Publika spaco,False,no
Publika ordino,Publika ordo,False,no
Publika transporto,Publika transporto,False,no
Publika yurocienco,Publika juro,False,no
Punjabana linguo,Panĝaba lingvo,False,no
Pura matematiko,Pura matematiko,False,no
Puzlala videoludo,Puzla videoludo,False,no
Quadrata kilometro,Kvadrata kilometro,False,no
Quadrata milio,Kvadrata mejlo,False,no
Quadratala equaciono,Kvadrata ekvacio,False,no
Quadratala funciono,Kvadrata funkcio,False,no
Quadratala radiko,Kvadrata radiko,False,no
Quadrato latina,Latina kvadrato,False,no
Quantumala mekaniko,Kvantuma mekaniko,False,no
Quantumala nombro,Kvantuma nombro,False,no
Quaternara nombrosistemo,Kvaruma sistemo,False,no
Racionala nombro,Racionala nombro,False,no
Rangala relato,Parta ordo,False,no
Reala nombro,Reelo,False,no
Reala yurocienco,Reala rajto,False,no
Realistala politiko,Realecpolitiko,False,no
Reciproka komprenado,Reciproka komprenado,False,no
Reggaeton,Regetono,False,no
Regulala poligono,Regula plurlatero,False,no
Religiala netoleremeso,Religia maltoleremo,False,no
Respirala sistemo,Spira sistemo,False,no
Retorikala figuro,Parolfiguro,False,no
Retorikala questiono,Retorika demando,False,no
Reunion,Reunio,False,no
Revoluciono februarala,Februara revolucio,False,no
Revoluciono oktobrala,Oktobra Revolucio,False,no
Ribonukleik acido,RNA,False,no
Rikonocal exploro,Skoltado,False,no
Rinovigebla energio,Renoviĝanta energio,False,no
Ritmala gimnastiko,Ritma gimnastiko,False,no
Romana cifri,Romaj ciferoj,False,no
Romana mitologio,Romia mitologio,False,no
Romana monarkio,Roma monarkio,False,no
Romana republiko,Romia Respubliko,False,no
Romantik amo,Romantika amo,False,no
Romantika komedio,Romantika komedio,False,no
Ronda tablo,Ronda Tablo,False,no
Rozea triangulo,Rozkolora triangulo,False,no
Rumana linguo,Rumana lingvo,False,no
Rusa linguo,Rusa lingvo,False,no
Rusa republiko,Rusia Respubliko,False,no
Salvador,Salvadoro,False,no
Samoyeda linguaro,Samojeda lingvaro,False,no
Sanesala cienci,Sanscienco,False,no
Sanskrita linguo,Sanskrito,False,no
Santala linguo,Santala lingvo,False,no
Sardiniana linguo,Sarda lingvo,False,no
Saronik insuli,Saronaj insuloj,False,no
Saronika gulfo,Sarona Golfo,False,no
Sedimentala roki,Sedimenta rokaĵo,False,no
Semida lingui,Ŝemida lingvaro,False,no
Senkondiciona kapitulaco,Senkondiĉa kapitulaco,False,no
Senpilotist aviacilo,Senpilota aviadilo,False,no
Senviva pikturo,Aĵpentraĵo,False,no
Serbiana linguo,Serba lingvo,False,no
Serial ocidero,Seria murdisto,False,no
Sexual atrakteso,Seksallogo,False,no
Sexual ecito,Seksa ekscitiĝo,False,no
Sexual orientizo,Seksa orientiĝo,False,no
Sexuala relato,Amoro,False,no
Sferala geometrio,Sfera geometrio,False,no
Sikion,Sikiono,False,no
Sileziana linguo,Silezia-pola lingvo,False,no
Simetra kriptosistemo,Simetria ĉifro,False,no
Simpla mashino,Simpla maŝino,False,no
Simpla vivo,Modera vivostilo,False,no
Sindikato laborala,Sindikato,False,no
Sinkronigata natado,Sinkrona naĝado,False,no
Sintaxala sukro,Sintaksa sukero,False,no
Skalarala potencialo,Skalarpotencialo,False,no
Skota linguo,Skota lingvo,False,no
Skrenal ambiento,Fenestrilo,False,no
Slava lingui,Slava lingvaro,False,no
Slovaka linguo,Slovaka lingvo,False,no
Sloveniana linguo,Slovena lingvo,False,no
Sociala cienco,Socia scienco,False,no
Sociala grupo,Socia grupo,False,no
Sociala kontrato,Socia kontrakto,False,no
Sociala movemento,Socia movado,False,no
Sociala psikologio,Socia psikologio,False,no
Sociala relato,Sociaj rilatoj,False,no
Societala realismo,Socia realismo,False,no
Sola fide,Sola fide,False,no
Solon,Solono,False,no
Somaliana linguo,Somala lingvo,False,no
Specifika pezo,Denso,False,no
Spekulema fiktiveso,Spekulativa fikcio,False,no
Sporta pafado,Sporta pafado,False,no
Stagnanta aqueyo,Stagnanta akvejo,False,no
Stalizita betono,Ŝtalbetono,False,no
Strabon,Strabono,False,no
Stranjera politiko,Ekstera politiko,False,no
Strukturala linguistiko,Strukturisma lingvistiko,False,no
Submara navo,Submarŝipo,False,no
Subtropikala klimato,Subtropiko,False,no
Suda polo,Suda poluso,False,no
Sueda linguo,Sveda lingvo,False,no
Sunala celulo,Sunĉelo,False,no
Sunala energio,Sunenergio,False,no
Sunala sistemo,Sunsistemo,False,no
Sunala vento,Suna vento,False,no
Supersona rapideso,Supersona rapido,False,no
Supra paleolitiko,Malfrua Paleolitiko,False,no
Surfacal aqui,Surfacakvo,False,no
Surtabla komputero,Surtabla komputilo,False,no
Surtabla ludo,Tabulludo,False,no
Sustenebla developo,Daŭripova disvolviĝo,False,no
Suwon,Suvon,False,no
Swahilia linguo,Svahila lingvo,False,no
Tamil linguo,Tamila lingvo,False,no
Tasmaniana tigro,Tilacino,False,no
Tatara linguo,Tatara lingvo,False,no
Tegumentala sistemo,Tegumenta sistemo,False,no
Telamon,Telamono,False,no
Telugu linguo,Telugua lingvo,False,no
Teorial informatiko,Matematika komputoscienco,False,no
Terala eri,Terhistorio,False,no
Teralkala metalo,Teralkala metalo,False,no
Termala energio,Varmoenergio,False,no
Termodinamikala ciklo,Termodinamika ciklo,False,no
Termodinamikala procedo,Termodinamika procezo,False,no
Ternara nombrosistemo,Triuma sistemo,False,no
Texto korpo,Korpuso,False,no
Tianjin,Tjanĝino,False,no
Tituliera sideyo,Titulara episkopujo,False,no
Tongana linguo,Tongana lingvo,False,no
Topologiala spaco,Topologia spaco,False,no
Torfopeca kabano,Torfpeca kabano,False,no
Torto flamagita,Flamkuko,False,no
Tradicionala savo,Tradicia scio,False,no
Traduko memoro,Tradukmemoro,False,no
Trancendanta nombro,Transcenda nombro,False,no
Transsiberia fervoyo,Transsiberia fervojo,False,no
Triangulatra komerco,Triangula komerco,False,no
Triesma mondo,Tria mondo,False,no
Trigonometriala funciono,Trigonometria funkcio,False,no
Tropikala ciklono,Uragano,False,no
Tropikala klimato,Tropika klimato,False,no
Tsaghkadzor,Caghkadzor,False,no
Tuluana linguo,Tulua lingvo,False,no
Tungusiana lingui,Tunguz-manĉura lingvaro,False,no
Turka lingui,Tjurka lingvaro,False,no
Turka linguo,Turka lingvo,False,no
Turka populi,Tjurkaj popoloj,False,no
Tutanhamon,Tutanĥamono,False,no
Ukrainana linguo,Ukraina lingvo,False,no
Umayada kalifio,Omajada kaliflando,False,no
Unara nombrosistemo,Unuuma nombrosistemo,False,no
Unesma koalisuro,Unua Koalicio-Milito,False,no
Unesma krucomilito,Unua krucmilito,False,no
Unesma mondomilito,Unua Mondmilito,False,no
Uralika linguaro,Urala lingvaro,False,no
Urbala ferovoyo,Metroo,False,no
Uruguayana peso,Urugvaja peso,False,no
Usana dolaro,Usona dolaro,False,no
Usana imperialismo,Usona Imperiismo,False,no
Vaganta kleriki,Vagantaj klerikoj,False,no
Valo d'Aosta,Aosta Valo,False,no
Vandala linguo,Vandala lingvo,False,no
Varianta stelo,Varia stelo,False,no
Vektorala spaco,Vektora spaco,False,no
Veterinarala medicino,Veterinara medicino,False,no
Vietnamana linguo,Vjetnama lingvo,False,no
Vietnamana literaturo,Vjetnama literaturo,False,no
Virtuala mashino,Virtuala maŝino,False,no
Volebalo plajala,Plaĝa volejbalo,False,no
Voliniana masakro,Volinia masakro,False,no
Vortica flui,Kirlokurento,False,no
Votiana linguo,Vota lingvo,False,no
Voyajera kolombo,Migrokolombo,False,no
Walsana linguo,Kimra lingvo,False,no
Wellington,Velingtono,False,no
Wisconsin,Viskonsino,False,no
Xenofon,Ksenofono,False,no
Yangon,Jangono,False,no
Yukagira linguaro,Jukagira lingvaro,False,no
Yurala proceduro,Procedura juro,False,no
Zaporijjiana kozaki,Zaporogoj,False,no
Zollverein,Germana Doganunio,False,no
